store,period,category,units,revenue,avg_price
ST-01,2025-01,Beverage,12352,444397500,35978
ST-01,2025-01,Food,11503,682511100,59333
ST-01,2025-01,Merchandise,4418,408567600,92478
ST-01,2025-02,Beverage,14087,496654200,35256
ST-01,2025-02,Food,12455,741138700,59505
ST-01,2025-02,Merchandise,4272,391437400,91629
ST-01,2025-03,Beverage,12921,439999900,34053
ST-01,2025-03,Food,11683,668801900,57246
ST-01,2025-03,Merchandise,4408,400596000,90879
ST-01,2025-04,Beverage,10999,372478700,33865
ST-01,2025-04,Food,9894,569983100,57609
ST-01,2025-04,Merchandise,3614,337316800,93336
ST-01,2025-05,Beverage,10912,374186700,34291
ST-01,2025-05,Food,10954,634383400,57913
ST-01,2025-05,Merchandise,3810,347417800,91186
ST-01,2025-06,Beverage,13698,465557600,33987
ST-01,2025-06,Food,13055,753382800,57708
ST-01,2025-06,Merchandise,5020,463379800,92307
ST-01,2025-07,Beverage,11888,411094800,34581
ST-01,2025-07,Food,11404,651563400,57135
ST-01,2025-07,Merchandise,3919,361266200,92183
ST-01,2025-08,Beverage,11581,394802500,34091
ST-01,2025-08,Food,11136,638982300,57380
ST-01,2025-08,Merchandise,3837,350289400,91293
ST-01,2025-09,Beverage,11666,391088800,33524
ST-01,2025-09,Food,9733,564071900,57955
ST-01,2025-09,Merchandise,3735,340361200,91127
ST-01,2025-10,Beverage,10962,364111400,33216
ST-01,2025-10,Food,10483,613264500,58501
ST-01,2025-10,Merchandise,3939,357245400,90694
ST-01,2025-11,Beverage,12017,406765800,33849
ST-01,2025-11,Food,11123,645509700,58034
ST-01,2025-11,Merchandise,4039,368603200,91261
ST-01,2025-12,Beverage,14753,505237300,34246
ST-01,2025-12,Food,12511,727330600,58135
ST-01,2025-12,Merchandise,4705,438303100,93157
ST-01,2026-01,Beverage,14319,518333000,36199
ST-01,2026-01,Food,13548,840862500,62065
ST-01,2026-01,Merchandise,4605,433220800,94076
ST-01,2026-02,Beverage,14826,540572000,36461
ST-01,2026-02,Food,12859,813140400,63235
ST-01,2026-02,Merchandise,5034,485886400,96521
ST-01,2026-03,Beverage,13710,479625200,34984
ST-01,2026-03,Food,11896,706986300,59431
ST-01,2026-03,Merchandise,4512,429840600,95266
ST-01,2026-04,Beverage,11713,416973100,35599
ST-01,2026-04,Food,10306,603409900,58549
ST-01,2026-04,Merchandise,4017,375311800,93431
ST-01,2026-05,Beverage,12480,438204000,35112
ST-01,2026-05,Food,10732,629543300,58660
ST-01,2026-05,Merchandise,4035,383659100,95083
ST-01,2026-06,Beverage,13329,463125500,34746
ST-01,2026-06,Food,10975,658619400,60011
ST-01,2026-06,Merchandise,4205,398249200,94708
ST-01,2026-07,Beverage,12777,441498900,34554
ST-01,2026-07,Food,11683,693573100,59366
ST-01,2026-07,Merchandise,4290,405068900,94422
ST-01,2026-08,Beverage,15134,535430100,35379
ST-01,2026-08,Food,13545,811171300,59887
ST-01,2026-08,Merchandise,4834,459472200,95050
ST-01,2026-09,Beverage,11272,397448200,35260
ST-01,2026-09,Food,10901,648536100,59493
ST-01,2026-09,Merchandise,4123,386058700,93635
ST-02,2025-01,Beverage,8851,317660500,35890
ST-02,2025-01,Food,7330,441435200,60223
ST-02,2025-01,Merchandise,3022,274513900,90838
ST-02,2025-02,Beverage,8419,303014900,35992
ST-02,2025-02,Food,8690,527371400,60687
ST-02,2025-02,Merchandise,2957,275602700,93203
ST-02,2025-03,Beverage,8081,277857800,34384
ST-02,2025-03,Food,7256,423223700,58327
ST-02,2025-03,Merchandise,2727,251725700,92309
ST-02,2025-04,Beverage,7169,244960000,34169
ST-02,2025-04,Food,6581,382075900,58057
ST-02,2025-04,Merchandise,2489,228270200,91712
ST-02,2025-05,Beverage,7696,263485100,34237
ST-02,2025-05,Food,6613,389002800,58824
ST-02,2025-05,Merchandise,2562,234424000,91500
ST-02,2025-06,Beverage,8937,308545100,34524
ST-02,2025-06,Food,7806,455423900,58343
ST-02,2025-06,Merchandise,2978,271474100,91160
ST-02,2025-07,Beverage,7789,266652700,34235
ST-02,2025-07,Food,6886,394594000,57304
ST-02,2025-07,Merchandise,2603,241475100,92768
ST-02,2025-08,Beverage,8058,274107600,34017
ST-02,2025-08,Food,6583,388969300,59087
ST-02,2025-08,Merchandise,2588,234420300,90580
ST-02,2025-09,Beverage,7254,248414000,34245
ST-02,2025-09,Food,6455,372543800,57714
ST-02,2025-09,Merchandise,2521,230375600,91383
ST-02,2025-10,Beverage,7480,254433500,34015
ST-02,2025-10,Food,6600,380948400,57719
ST-02,2025-10,Merchandise,2432,222355000,91429
ST-02,2025-11,Beverage,7978,271989800,34092
ST-02,2025-11,Food,7432,431938200,58119
ST-02,2025-11,Merchandise,2586,238810200,92347
ST-02,2025-12,Beverage,9149,312649000,34173
ST-02,2025-12,Food,8083,468466700,57957
ST-02,2025-12,Merchandise,3024,280987200,92919
ST-02,2026-01,Beverage,9134,327477900,35853
ST-02,2026-01,Food,7919,485612300,61322
ST-02,2026-01,Merchandise,2739,259682300,94809
ST-02,2026-02,Beverage,9677,351153400,36287
ST-02,2026-02,Food,8853,554349900,62617
ST-02,2026-02,Merchandise,3257,308710500,94784
ST-02,2026-03,Beverage,8734,304731200,34890
ST-02,2026-03,Food,7910,472415500,59724
ST-02,2026-03,Merchandise,2912,272889200,93712
ST-02,2026-04,Beverage,7879,274884100,34888
ST-02,2026-04,Food,6589,391471600,59413
ST-02,2026-04,Merchandise,2532,242050400,95597
ST-02,2026-05,Beverage,8763,305834300,34901
ST-02,2026-05,Food,7187,434061200,60395
ST-02,2026-05,Merchandise,2627,249028500,94796
ST-02,2026-06,Beverage,7769,270242800,34785
ST-02,2026-06,Food,6954,417464200,60032
ST-02,2026-06,Merchandise,2894,276373100,95499
ST-02,2026-07,Beverage,8044,281979600,35055
ST-02,2026-07,Food,7278,429341700,58992
ST-02,2026-07,Merchandise,2758,261343100,94758
ST-02,2026-08,Beverage,9863,340767200,34550
ST-02,2026-08,Food,8463,492816700,58232
ST-02,2026-08,Merchandise,3441,321937900,93559
ST-02,2026-09,Beverage,7655,266602500,34827
ST-02,2026-09,Food,6867,410517500,59781
ST-02,2026-09,Merchandise,2691,257662400,95750
ST-03,2025-01,Beverage,12964,463790800,35775
ST-03,2025-01,Food,11377,688132000,60484
ST-03,2025-01,Merchandise,4478,405431200,90538
ST-03,2025-02,Beverage,13297,466377600,35074
ST-03,2025-02,Food,11951,711674400,59549
ST-03,2025-02,Merchandise,4725,442090700,93564
ST-03,2025-03,Beverage,12231,414749700,33910
ST-03,2025-03,Food,11232,653715100,58201
ST-03,2025-03,Merchandise,4583,416971700,90982
ST-03,2025-04,Beverage,10710,371798600,34715
ST-03,2025-04,Food,9745,565276500,58007
ST-03,2025-04,Merchandise,3833,351739900,91766
ST-03,2025-05,Beverage,11721,393667400,33587
ST-03,2025-05,Food,9847,568721400,57756
ST-03,2025-05,Merchandise,3775,345962200,91646
ST-03,2025-06,Beverage,14206,481306800,33881
ST-03,2025-06,Food,12189,697483400,57222
ST-03,2025-06,Merchandise,4630,428316900,92509
ST-03,2025-07,Beverage,13147,445253200,33867
ST-03,2025-07,Food,11138,641896700,57631
ST-03,2025-07,Merchandise,4172,384942300,92268
ST-03,2025-08,Beverage,11852,399749700,33728
ST-03,2025-08,Food,11010,632331800,57432
ST-03,2025-08,Merchandise,3929,368083100,93684
ST-03,2025-09,Beverage,11538,392657200,34032
ST-03,2025-09,Food,9735,566701800,58213
ST-03,2025-09,Merchandise,3665,335871100,91643
ST-03,2025-10,Beverage,11936,409213200,34284
ST-03,2025-10,Food,9847,581930700,59097
ST-03,2025-10,Merchandise,3919,363833400,92838
ST-03,2025-11,Beverage,13452,444038800,33009
ST-03,2025-11,Food,11325,650857000,57471
ST-03,2025-11,Merchandise,4111,379690200,92360
ST-03,2025-12,Beverage,14759,498336200,33765
ST-03,2025-12,Food,13333,775380900,58155
ST-03,2025-12,Merchandise,4953,449471100,90747
ST-03,2026-01,Beverage,14356,526006500,36640
ST-03,2026-01,Food,12798,768634500,60059
ST-03,2026-01,Merchandise,4671,440415200,94287
ST-03,2026-02,Beverage,14684,536713800,36551
ST-03,2026-02,Food,12847,785421400,61137
ST-03,2026-02,Merchandise,5102,491793000,96392
ST-03,2026-03,Beverage,13062,454822500,34820
ST-03,2026-03,Food,12135,716256800,59024
ST-03,2026-03,Merchandise,4544,431421100,94943
ST-03,2026-04,Beverage,11844,416356800,35153
ST-03,2026-04,Food,10856,643612500,59286
ST-03,2026-04,Merchandise,3991,379514200,95093
ST-03,2026-05,Beverage,11928,421039800,35298
ST-03,2026-05,Food,11394,678604600,59558
ST-03,2026-05,Merchandise,4163,398174300,95646
ST-03,2026-06,Beverage,13435,472837600,35194
ST-03,2026-06,Food,11369,675919600,59453
ST-03,2026-06,Merchandise,4399,410212500,93251
ST-03,2026-07,Beverage,13331,463486000,34768
ST-03,2026-07,Food,12259,725950700,59218
ST-03,2026-07,Merchandise,4297,410211500,95465
ST-03,2026-08,Beverage,14455,509369200,35238
ST-03,2026-08,Food,14333,848181800,59177
ST-03,2026-08,Merchandise,5192,492390800,94836
ST-03,2026-09,Beverage,12141,427810600,35237
ST-03,2026-09,Food,10508,619064900,58914
ST-03,2026-09,Merchandise,3911,367207900,93891
ST-04,2025-01,Beverage,8185,289433200,35361
ST-04,2025-01,Food,7421,447849900,60349
ST-04,2025-01,Merchandise,2818,259620600,92129
ST-04,2025-02,Beverage,8760,311945000,35610
ST-04,2025-02,Food,7887,474706400,60188
ST-04,2025-02,Merchandise,2943,268551800,91251
ST-04,2025-03,Beverage,8201,276183700,33677
ST-04,2025-03,Food,7100,410496200,57816
ST-04,2025-03,Merchandise,2714,250670300,92362
ST-04,2025-04,Beverage,7197,245562500,34120
ST-04,2025-04,Food,6479,377032800,58193
ST-04,2025-04,Merchandise,2360,214742400,90993
ST-04,2025-05,Beverage,7279,244423700,33579
ST-04,2025-05,Food,6378,373057700,58491
ST-04,2025-05,Merchandise,2501,229398400,91723
ST-04,2025-06,Beverage,8786,294122300,33476
ST-04,2025-06,Food,8097,468954600,57917
ST-04,2025-06,Merchandise,3101,282909500,91232
ST-04,2025-07,Beverage,7749,263074100,33949
ST-04,2025-07,Food,7044,404363500,57405
ST-04,2025-07,Merchandise,2798,257978500,92201
ST-04,2025-08,Beverage,8360,283888300,33958
ST-04,2025-08,Food,6598,380604200,57685
ST-04,2025-08,Merchandise,2678,245618200,91717
ST-04,2025-09,Beverage,7057,241069700,34160
ST-04,2025-09,Food,5956,353170200,59297
ST-04,2025-09,Merchandise,2419,222443800,91957
ST-04,2025-10,Beverage,7215,249695900,34608
ST-04,2025-10,Food,6782,396283000,58432
ST-04,2025-10,Merchandise,2422,227470600,93918
ST-04,2025-11,Beverage,7788,268968200,34536
ST-04,2025-11,Food,6914,398148600,57586
ST-04,2025-11,Merchandise,2740,253145400,92389
ST-04,2025-12,Beverage,9599,328946000,34269
ST-04,2025-12,Food,8107,473574100,58415
ST-04,2025-12,Merchandise,3322,306070100,92134
ST-04,2026-01,Beverage,9294,338704300,36443
ST-04,2026-01,Food,7865,497259300,63224
ST-04,2026-01,Merchandise,3165,297490300,93994
ST-04,2026-02,Beverage,8787,320586800,36484
ST-04,2026-02,Food,8954,559289100,62462
ST-04,2026-02,Merchandise,3079,289252700,93944
ST-04,2026-03,Beverage,8490,293294900,34546
ST-04,2026-03,Food,7554,447356900,59221
ST-04,2026-03,Merchandise,3041,289824600,95306
ST-04,2026-04,Beverage,7655,271179400,35425
ST-04,2026-04,Food,6305,375773400,59599
ST-04,2026-04,Merchandise,2577,245863900,95407
ST-04,2026-05,Beverage,7707,270309200,35073
ST-04,2026-05,Food,7213,426898600,59185
ST-04,2026-05,Merchandise,2651,250090600,94338
ST-04,2026-06,Beverage,8161,289008000,35413
ST-04,2026-06,Food,7132,426386400,59785
ST-04,2026-06,Merchandise,2709,255598100,94351
ST-04,2026-07,Beverage,7936,278704600,35119
ST-04,2026-07,Food,7508,442748000,58970
ST-04,2026-07,Merchandise,2707,258267900,95407
ST-04,2026-08,Beverage,10041,352395200,35096
ST-04,2026-08,Food,8923,530384500,59440
ST-04,2026-08,Merchandise,3419,324172200,94815
ST-04,2026-09,Beverage,7466,258624900,34640
ST-04,2026-09,Food,7060,424943900,60190
ST-04,2026-09,Merchandise,2634,255026600,96821
ST-05,2025-01,Beverage,8534,303857500,35606
ST-05,2025-01,Food,7681,458147300,59647
ST-05,2025-01,Merchandise,2923,267141700,91393
ST-05,2025-02,Beverage,8829,316193100,35813
ST-05,2025-02,Food,8254,495446400,60025
ST-05,2025-02,Merchandise,3002,277465500,92427
ST-05,2025-03,Beverage,8608,290028500,33693
ST-05,2025-03,Food,7554,441971000,58508
ST-05,2025-03,Merchandise,2661,241965100,90930
ST-05,2025-04,Beverage,6877,232266300,33774
ST-05,2025-04,Food,6201,359915900,58042
ST-05,2025-04,Merchandise,2412,220365400,91362
ST-05,2025-05,Beverage,7066,238247000,33717
ST-05,2025-05,Food,7073,408972500,57822
ST-05,2025-05,Merchandise,2498,231838300,92810
ST-05,2025-06,Beverage,9566,323060500,33772
ST-05,2025-06,Food,7997,459054300,57403
ST-05,2025-06,Merchandise,3255,297916100,91526
ST-05,2025-07,Beverage,7459,257384200,34507
ST-05,2025-07,Food,7064,407162000,57639
ST-05,2025-07,Merchandise,2589,238236500,92019
ST-05,2025-08,Beverage,7771,265036500,34106
ST-05,2025-08,Food,6241,361429600,57912
ST-05,2025-08,Merchandise,2430,221721200,91243
ST-05,2025-09,Beverage,7618,258740800,33964
ST-05,2025-09,Food,6834,397986500,58236
ST-05,2025-09,Merchandise,2447,229065700,93611
ST-05,2025-10,Beverage,7029,236565600,33656
ST-05,2025-10,Food,6514,374844700,57544
ST-05,2025-10,Merchandise,2707,244553400,90341
ST-05,2025-11,Beverage,8100,279364300,34489
ST-05,2025-11,Food,7372,428500500,58125
ST-05,2025-11,Merchandise,2492,226791900,91008
ST-05,2025-12,Beverage,9331,319424200,34233
ST-05,2025-12,Food,8499,497245800,58506
ST-05,2025-12,Merchandise,3312,301762100,91112
ST-05,2026-01,Beverage,9105,336158100,36920
ST-05,2026-01,Food,7851,485692100,61864
ST-05,2026-01,Merchandise,2860,270716100,94656
ST-05,2026-02,Beverage,9437,340974400,36132
ST-05,2026-02,Food,8108,502145500,61932
ST-05,2026-02,Merchandise,3207,299552700,93406
ST-05,2026-03,Beverage,8610,298809100,34705
ST-05,2026-03,Food,8450,500235800,59200
ST-05,2026-03,Merchandise,2977,282957000,95048
ST-05,2026-04,Beverage,7159,250792100,35032
ST-05,2026-04,Food,6906,409954200,59362
ST-05,2026-04,Merchandise,2454,230906200,94094
ST-05,2026-05,Beverage,7777,274178200,35255
ST-05,2026-05,Food,7447,446509600,59958
ST-05,2026-05,Merchandise,2699,257394700,95367
ST-05,2026-06,Beverage,8578,295192000,34413
ST-05,2026-06,Food,7427,441216100,59407
ST-05,2026-06,Merchandise,2699,254960700,94465
ST-05,2026-07,Beverage,8599,300698100,34969
ST-05,2026-07,Food,7543,448680500,59483
ST-05,2026-07,Merchandise,2767,259395600,93746
ST-05,2026-08,Beverage,9910,341865500,34497
ST-05,2026-08,Food,9069,548672500,60500
ST-05,2026-08,Merchandise,3090,286452000,92703
ST-05,2026-09,Beverage,7926,282616200,35657
ST-05,2026-09,Food,7079,425828300,60154
ST-05,2026-09,Merchandise,2600,243725500,93741
ST-06,2025-01,Beverage,8931,317702500,35573
ST-06,2025-01,Food,7664,456670500,59586
ST-06,2025-01,Merchandise,2873,262609900,91406
ST-06,2025-02,Beverage,8651,306900700,35476
ST-06,2025-02,Food,8125,488250400,60092
ST-06,2025-02,Merchandise,3086,285721900,92586
ST-06,2025-03,Beverage,7980,273745500,34304
ST-06,2025-03,Food,7369,430268600,58389
ST-06,2025-03,Merchandise,2820,256115400,90821
ST-06,2025-04,Beverage,7224,244796700,33887
ST-06,2025-04,Food,6296,359955400,57172
ST-06,2025-04,Merchandise,2287,211974100,92687
ST-06,2025-05,Beverage,7082,239867500,33870
ST-06,2025-05,Food,6264,365319200,58320
ST-06,2025-05,Merchandise,2629,238616400,90763
ST-06,2025-06,Beverage,9718,332667700,34232
ST-06,2025-06,Food,8015,459811200,57369
ST-06,2025-06,Merchandise,3115,286611800,92010
ST-06,2025-07,Beverage,7802,264014300,33839
ST-06,2025-07,Food,7411,431238200,58189
ST-06,2025-07,Merchandise,2459,226650600,92172
ST-06,2025-08,Beverage,6948,233874400,33661
ST-06,2025-08,Food,7389,434305300,58777
ST-06,2025-08,Merchandise,2610,237828400,91122
ST-06,2025-09,Beverage,7365,252753600,34318
ST-06,2025-09,Food,6578,383204700,58256
ST-06,2025-09,Merchandise,2310,214608500,92904
ST-06,2025-10,Beverage,7574,258525800,34133
ST-06,2025-10,Food,6955,404178600,58113
ST-06,2025-10,Merchandise,2617,238715800,91217
ST-06,2025-11,Beverage,8386,286329000,34144
ST-06,2025-11,Food,7656,444648700,58078
ST-06,2025-11,Merchandise,2701,246343200,91204
ST-06,2025-12,Beverage,9761,327293200,33531
ST-06,2025-12,Food,8063,467988000,58041
ST-06,2025-12,Merchandise,3116,284264200,91227
ST-06,2026-01,Beverage,9408,342696900,36426
ST-06,2026-01,Food,8458,524190800,61976
ST-06,2026-01,Merchandise,2887,268624900,93046
ST-06,2026-02,Beverage,9342,333217800,35669
ST-06,2026-02,Food,8189,513392800,62693
ST-06,2026-02,Merchandise,3074,287948000,93672
ST-06,2026-03,Beverage,8105,283153000,34936
ST-06,2026-03,Food,7838,471375000,60140
ST-06,2026-03,Merchandise,3227,305532500,94680
ST-06,2026-04,Beverage,7766,269267300,34673
ST-06,2026-04,Food,6536,394509300,60359
ST-06,2026-04,Merchandise,2664,250562900,94055
ST-06,2026-05,Beverage,8202,286456900,34925
ST-06,2026-05,Food,6865,411572000,59952
ST-06,2026-05,Merchandise,2607,246198300,94437
ST-06,2026-06,Beverage,8480,294668600,34749
ST-06,2026-06,Food,7187,428982800,59689
ST-06,2026-06,Merchandise,2827,269675700,95393
ST-06,2026-07,Beverage,8308,289656500,34865
ST-06,2026-07,Food,7362,434443000,59012
ST-06,2026-07,Merchandise,2656,249807300,94054
ST-06,2026-08,Beverage,10156,359293300,35377
ST-06,2026-08,Food,8948,533815500,59658
ST-06,2026-08,Merchandise,3310,315371800,95278
ST-06,2026-09,Beverage,7732,269243800,34822
ST-06,2026-09,Food,6911,415370300,60103
ST-06,2026-09,Merchandise,2481,234013700,94322
ST-07,2025-01,Beverage,4569,160721000,35176
ST-07,2025-01,Food,3991,237867100,59601
ST-07,2025-01,Merchandise,1514,141128700,93216
ST-07,2025-02,Beverage,5120,179309700,35021
ST-07,2025-02,Food,4663,277590100,59530
ST-07,2025-02,Merchandise,1634,150704900,92231
ST-07,2025-03,Beverage,4922,166959400,33921
ST-07,2025-03,Food,4313,251663900,58350
ST-07,2025-03,Merchandise,1743,159101900,91280
ST-07,2025-04,Beverage,4679,158809400,33941
ST-07,2025-04,Food,3882,226116000,58247
ST-07,2025-04,Merchandise,1508,138679000,91962
ST-07,2025-05,Beverage,4728,159464500,33728
ST-07,2025-05,Food,4062,235326700,57934
ST-07,2025-05,Merchandise,1582,146995600,92918
ST-07,2025-06,Beverage,5888,198436400,33702
ST-07,2025-06,Food,5285,304603400,57635
ST-07,2025-06,Merchandise,1959,182276700,93046
ST-07,2025-07,Beverage,4552,155608800,34185
ST-07,2025-07,Food,4309,246613900,57232
ST-07,2025-07,Merchandise,1634,152025600,93039
ST-07,2025-08,Beverage,4858,164008300,33760
ST-07,2025-08,Food,4178,241463100,57794
ST-07,2025-08,Merchandise,1584,147565100,93160
ST-07,2025-09,Beverage,4607,158631500,34433
ST-07,2025-09,Food,4213,244905400,58131
ST-07,2025-09,Merchandise,1446,131798400,91147
ST-07,2025-10,Beverage,4625,152744300,33026
ST-07,2025-10,Food,4204,241181800,57370
ST-07,2025-10,Merchandise,1650,151901300,92061
ST-07,2025-11,Beverage,5034,169820500,33735
ST-07,2025-11,Food,4411,257186600,58306
ST-07,2025-11,Merchandise,1669,152936600,91634
ST-07,2025-12,Beverage,5543,185878100,33534
ST-07,2025-12,Food,5093,293134100,57556
ST-07,2025-12,Merchandise,1913,177639400,92859
ST-07,2026-01,Beverage,5964,218364100,36614
ST-07,2026-01,Food,4914,305799000,62230
ST-07,2026-01,Merchandise,1944,182248800,93749
ST-07,2026-02,Beverage,5844,210090600,35950
ST-07,2026-02,Food,5157,317914000,61647
ST-07,2026-02,Merchandise,2000,186568400,93284
ST-07,2026-03,Beverage,5830,204111500,35011
ST-07,2026-03,Food,4789,284461000,59399
ST-07,2026-03,Merchandise,1888,179751100,95207
ST-07,2026-04,Beverage,5044,174066900,34510
ST-07,2026-04,Food,4259,256097100,60131
ST-07,2026-04,Merchandise,1540,145955700,94776
ST-07,2026-05,Beverage,5269,188533500,35782
ST-07,2026-05,Food,4454,264775600,59447
ST-07,2026-05,Merchandise,1678,159408100,94999
ST-07,2026-06,Beverage,5091,176217900,34614
ST-07,2026-06,Food,4470,268745500,60122
ST-07,2026-06,Merchandise,1655,153957000,93025
ST-07,2026-07,Beverage,4841,166859700,34468
ST-07,2026-07,Food,4540,271262300,59749
ST-07,2026-07,Merchandise,1813,173734600,95827
ST-07,2026-08,Beverage,5913,206512700,34925
ST-07,2026-08,Food,5381,322604500,59953
ST-07,2026-08,Merchandise,2016,189272600,93885
ST-07,2026-09,Beverage,4829,167783200,34745
ST-07,2026-09,Food,4300,254057300,59083
ST-07,2026-09,Merchandise,1534,148603000,96873
ST-08,2025-01,Beverage,3466,122225600,35264
ST-08,2025-01,Food,3184,192428900,60436
ST-08,2025-01,Merchandise,1159,107143900,92445
ST-08,2025-02,Beverage,3790,134873700,35587
ST-08,2025-02,Food,3560,214298700,60196
ST-08,2025-02,Merchandise,1319,120597400,91431
ST-08,2025-03,Beverage,3402,115550800,33966
ST-08,2025-03,Food,3449,197332500,57214
ST-08,2025-03,Merchandise,1318,122790400,93164
ST-08,2025-04,Beverage,3481,119783200,34411
ST-08,2025-04,Food,2993,169582300,56660
ST-08,2025-04,Merchandise,1180,108583400,92020
ST-08,2025-05,Beverage,3956,134478700,33994
ST-08,2025-05,Food,3299,192847100,58456
ST-08,2025-05,Merchandise,1273,116852000,91793
ST-08,2025-06,Beverage,5087,171257800,33666
ST-08,2025-06,Food,4300,248200700,57721
ST-08,2025-06,Merchandise,1674,153428300,91654
ST-08,2025-07,Beverage,4264,143514700,33657
ST-08,2025-07,Food,3858,225270100,58390
ST-08,2025-07,Merchandise,1469,134498300,91558
ST-08,2025-08,Beverage,4467,150446100,33679
ST-08,2025-08,Food,4143,239175000,57730
ST-08,2025-08,Merchandise,1512,139283800,92119
ST-08,2025-09,Beverage,4711,161742100,34333
ST-08,2025-09,Food,4127,241827700,58596
ST-08,2025-09,Merchandise,1622,149498500,92169
ST-08,2025-10,Beverage,4494,154106700,34292
ST-08,2025-10,Food,4231,244502600,57788
ST-08,2025-10,Merchandise,1562,145972000,93452
ST-08,2025-11,Beverage,4903,165907300,33838
ST-08,2025-11,Food,4510,261126400,57899
ST-08,2025-11,Merchandise,1682,154533800,91875
ST-08,2025-12,Beverage,5790,196709100,33974
ST-08,2025-12,Food,5230,302343500,57809
ST-08,2025-12,Merchandise,1979,178881900,90390
ST-08,2026-01,Beverage,5539,204961900,37003
ST-08,2026-01,Food,4955,298414900,60225
ST-08,2026-01,Merchandise,1689,159019100,94150
ST-08,2026-02,Beverage,6018,221152800,36749
ST-08,2026-02,Food,5447,342500000,62879
ST-08,2026-02,Merchandise,2043,194897900,95398
ST-08,2026-03,Beverage,5147,181319800,35228
ST-08,2026-03,Food,4926,293115700,59504
ST-08,2026-03,Merchandise,1882,176315000,93685
ST-08,2026-04,Beverage,4609,156511300,33958
ST-08,2026-04,Food,4064,240681600,59223
ST-08,2026-04,Merchandise,1588,150629100,94855
ST-08,2026-05,Beverage,4866,170955300,35133
ST-08,2026-05,Food,4460,264085200,59212
ST-08,2026-05,Merchandise,1692,158278000,93545
ST-08,2026-06,Beverage,5198,182955700,35197
ST-08,2026-06,Food,4368,259003300,59296
ST-08,2026-06,Merchandise,1699,159946300,94141
ST-08,2026-07,Beverage,5682,200257800,35244
ST-08,2026-07,Food,4500,269595600,59910
ST-08,2026-07,Merchandise,1629,151473300,92985
ST-08,2026-08,Beverage,5608,193991800,34592
ST-08,2026-08,Food,5702,339791800,59592
ST-08,2026-08,Merchandise,2011,191612900,95282
ST-08,2026-09,Beverage,4895,173015200,35345
ST-08,2026-09,Food,4449,265925600,59772
ST-08,2026-09,Merchandise,1711,161234500,94234
ST-09,2025-03,Beverage,4389,149103300,33972
ST-09,2025-03,Food,4038,235064100,58213
ST-09,2025-03,Merchandise,1549,142578200,92045
ST-09,2025-04,Beverage,4098,139506200,34043
ST-09,2025-04,Food,3480,198667200,57088
ST-09,2025-04,Merchandise,1436,133469200,92945
ST-09,2025-05,Beverage,4795,164570700,34321
ST-09,2025-05,Food,4098,239093100,58344
ST-09,2025-05,Merchandise,1613,147009700,91141
ST-09,2025-06,Beverage,6625,223746900,33773
ST-09,2025-06,Food,5938,344164800,57960
ST-09,2025-06,Merchandise,1892,173289200,91590
ST-09,2025-07,Beverage,5653,190221300,33650
ST-09,2025-07,Food,4981,294087100,59042
ST-09,2025-07,Merchandise,1962,180955100,92230
ST-09,2025-08,Beverage,6208,210402800,33892
ST-09,2025-08,Food,5085,298180900,58639
ST-09,2025-08,Merchandise,2002,182704300,91261
ST-09,2025-09,Beverage,5835,201086400,34462
ST-09,2025-09,Food,5510,320411100,58151
ST-09,2025-09,Merchandise,2007,184359000,91858
ST-09,2025-10,Beverage,6769,231888200,34257
ST-09,2025-10,Food,5625,325988100,57953
ST-09,2025-10,Merchandise,2227,205007100,92055
ST-09,2025-11,Beverage,7707,263518600,34192
ST-09,2025-11,Food,6639,385801800,58111
ST-09,2025-11,Merchandise,2470,229466900,92902
ST-09,2025-12,Beverage,9179,319360600,34793
ST-09,2025-12,Food,8286,475200000,57350
ST-09,2025-12,Merchandise,3105,285504500,91950
ST-09,2026-01,Beverage,9641,350377900,36342
ST-09,2026-01,Food,7907,492052900,62230
ST-09,2026-01,Merchandise,3254,312222900,95950
ST-09,2026-02,Beverage,8856,319563900,36084
ST-09,2026-02,Food,8360,520330000,62240
ST-09,2026-02,Merchandise,3112,293298400,94248
ST-09,2026-03,Beverage,9050,319246100,35276
ST-09,2026-03,Food,8002,485643100,60690
ST-09,2026-03,Merchandise,2949,279845200,94895
ST-09,2026-04,Beverage,7383,259928000,35206
ST-09,2026-04,Food,6606,392277900,59382
ST-09,2026-04,Merchandise,2531,239473900,94616
ST-09,2026-05,Beverage,7831,272480000,34795
ST-09,2026-05,Food,6849,407178100,59451
ST-09,2026-05,Merchandise,2669,248362900,93055
ST-09,2026-06,Beverage,8355,294723200,35275
ST-09,2026-06,Food,6778,397249800,58609
ST-09,2026-06,Merchandise,2557,240675200,94124
ST-09,2026-07,Beverage,8099,284013800,35068
ST-09,2026-07,Food,7754,462326000,59624
ST-09,2026-07,Merchandise,2795,265195400,94882
ST-09,2026-08,Beverage,9815,341345000,34778
ST-09,2026-08,Food,8315,490128500,58945
ST-09,2026-08,Merchandise,3332,317830100,95387
ST-09,2026-09,Beverage,7808,275035700,35225
ST-09,2026-09,Food,6983,409295400,58613
ST-09,2026-09,Merchandise,2697,256477600,95097
ST-10,2025-08,Beverage,2431,82701700,34020
ST-10,2025-08,Food,2228,127822200,57371
ST-10,2025-08,Merchandise,859,79546700,92604
ST-10,2025-09,Beverage,2751,93809300,34100
ST-10,2025-09,Food,2426,142025800,58543
ST-10,2025-09,Merchandise,814,74728800,91804
ST-10,2025-10,Beverage,2902,97820000,33708
ST-10,2025-10,Food,2615,150836200,57681
ST-10,2025-10,Merchandise,970,87777500,90492
ST-10,2025-11,Beverage,3295,114039800,34610
ST-10,2025-11,Food,3082,176558300,57287
ST-10,2025-11,Merchandise,1172,108309000,92414
ST-10,2025-12,Beverage,4445,149876400,33718
ST-10,2025-12,Food,3770,221281600,58695
ST-10,2025-12,Merchandise,1461,134104300,91789
ST-10,2026-01,Beverage,4468,166628600,37294
ST-10,2026-01,Food,3942,243197600,61694
ST-10,2026-01,Merchandise,1422,135106000,95011
ST-10,2026-02,Beverage,5032,181995200,36168
ST-10,2026-02,Food,4121,257634200,62517
ST-10,2026-02,Merchandise,1652,160643100,97242
ST-10,2026-03,Beverage,4692,163858700,34923
ST-10,2026-03,Food,4070,246981800,60683
ST-10,2026-03,Merchandise,1639,155384100,94804
ST-10,2026-04,Beverage,4402,152540200,34652
ST-10,2026-04,Food,3955,234693600,59341
ST-10,2026-04,Merchandise,1358,128893800,94914
ST-10,2026-05,Beverage,4867,171899500,35319
ST-10,2026-05,Food,4042,239717100,59307
ST-10,2026-05,Merchandise,1648,156544500,94991
ST-10,2026-06,Beverage,5415,188949500,34894
ST-10,2026-06,Food,4622,274303800,59347
ST-10,2026-06,Merchandise,1570,149463500,95200
ST-10,2026-07,Beverage,5090,178266400,35023
ST-10,2026-07,Food,4653,278166500,59782
ST-10,2026-07,Merchandise,1792,168730100,94157
ST-10,2026-08,Beverage,6005,214247400,35678
ST-10,2026-08,Food,5657,333816400,59009
ST-10,2026-08,Merchandise,1946,186881400,96034
ST-10,2026-09,Beverage,4764,167059200,35067
ST-10,2026-09,Food,4448,267034600,60035
ST-10,2026-09,Merchandise,1629,155000200,95151
ST-11,2026-02,Beverage,5099,186715600,36618
ST-11,2026-02,Food,4658,285431300,61278
ST-11,2026-02,Merchandise,1727,164257800,95112
ST-11,2026-03,Beverage,5064,174364300,34432
ST-11,2026-03,Food,4405,262449100,59580
ST-11,2026-03,Merchandise,1731,162911200,94114
ST-11,2026-04,Beverage,4757,165284300,34745
ST-11,2026-04,Food,4160,251085100,60357
ST-11,2026-04,Merchandise,1602,150599200,94007
ST-11,2026-05,Beverage,5114,180377300,35271
ST-11,2026-05,Food,4903,292453200,59648
ST-11,2026-05,Merchandise,1714,160654100,93731
ST-11,2026-06,Beverage,5785,204238300,35305
ST-11,2026-06,Food,5649,335637900,59415
ST-11,2026-06,Merchandise,2023,186608400,92243
ST-11,2026-07,Beverage,6168,215879700,35000
ST-11,2026-07,Food,5870,349804700,59592
ST-11,2026-07,Merchandise,2130,201064100,94396
ST-11,2026-08,Beverage,8228,280966900,34148
ST-11,2026-08,Food,6952,418808600,60243
ST-11,2026-08,Merchandise,2637,247129300,93716
ST-11,2026-09,Beverage,6447,225741000,35015
ST-11,2026-09,Food,6317,374794200,59331
ST-11,2026-09,Merchandise,2217,212873100,96019
ST-12,2026-05,Beverage,2588,90208000,34856
ST-12,2026-05,Food,2341,140874400,60177
ST-12,2026-05,Merchandise,904,83625200,92506
ST-12,2026-06,Beverage,2965,101745200,34315
ST-12,2026-06,Food,2623,157612400,60089
ST-12,2026-06,Merchandise,959,90529500,94400
ST-12,2026-07,Beverage,3283,115742200,35255
ST-12,2026-07,Food,2904,173695000,59812
ST-12,2026-07,Merchandise,1078,102239400,94842
ST-12,2026-08,Beverage,4257,149584900,35139
ST-12,2026-08,Food,3951,236314900,59811
ST-12,2026-08,Merchandise,1438,135575900,94281
ST-12,2026-09,Beverage,3336,116800300,35012
ST-12,2026-09,Food,2984,180243300,60403
ST-12,2026-09,Merchandise,1125,104635800,93010
